{"score_mean": -40.67, "epsilon": 0.10045000000000004, "_runtime": 5295, "_timestamp": 1640010650, "_step": 1999, "loss_fit": 0.0013021384365856647, "Mean evaluation return:": -38.0}