{"score_mean": -86.29, "epsilon": 0.10045000000000004, "_runtime": 7999, "_timestamp": 1640013052, "_step": 1999, "loss_fit": 0.011654170230031013}