{"score_mean": -280.6, "epsilon": 0.10045000000000004, "_runtime": 17761, "_timestamp": 1640023223, "_step": 1999, "loss_fit": 0.003996819257736206}