{"score_mean": -185.21, "epsilon": 0.18955, "_runtime": 8277, "_timestamp": 1640013739, "_step": 1801, "loss_fit": 0.01853204146027565}