{"score_mean": -40.93, "epsilon": 0.10045000000000004, "_runtime": 6650, "_timestamp": 1640017322, "_step": 1999, "loss_fit": 0.0003510680980980396, "Mean evaluation return:": -38.0}