{"score_mean": -67.87, "epsilon": 0.42175000000000007, "_runtime": 3073, "_timestamp": 1640013745, "_step": 1285, "loss_fit": 0.006131123751401901}