{"score_mean": -275.3, "_runtime": 2019, "_timestamp": 1640004037, "_step": 652, "loss_fit": 0.02319701761007309, "epsilon": 0.13361333239479245}