{"loss_fit": 0.004905281588435173, "score_mean": -63.56, "epsilon": 0.10045000000000004, "_runtime": 8160, "_timestamp": 1640021817, "_step": 1999, "Mean evaluation return:": -100.0}