{"loss_fit": 0.0009819326223805547, "score_mean": -53.9622641509434, "epsilon": 0.9766, "_runtime": 91, "_timestamp": 1640013748, "_step": 52}