{"score_mean": -42.08, "epsilon": 0.10045000000000004, "_runtime": 5302, "_timestamp": 1640010668, "_step": 1999, "loss_fit": 0.0010698153637349606, "Mean evaluation return:": -39.0}