{"loss_fit": 0.007849150337278843, "epsilon": 0.5724538495023211, "score_mean": -70.125, "_runtime": 347, "_timestamp": 1640001660, "_step": 79}