{"score_mean": -64.38, "epsilon": 0.42175000000000007, "_runtime": 3093, "_timestamp": 1640013747, "_step": 1285, "loss_fit": 0.006047453731298447}