{"score_mean": -45.33, "epsilon": 0.10045000000000004, "_runtime": 6627, "_timestamp": 1640017281, "_step": 1999, "loss_fit": 0.0013200604589655995, "Mean evaluation return:": -38.0}