{"loss": 0.0013247947208583355, "score_mean": -59.785714285714285, "_runtime": 100, "_timestamp": 1640000444, "_step": 28}