{"score_mean": -77.57, "epsilon": 0.6040000000000001, "_runtime": 695, "_timestamp": 1640005036, "_step": 881, "loss_fit": 0.0028114477172493935}