{"loss_fit": 0.0006462431629188359, "score_mean": -40.45, "epsilon": 0.10045000000000004, "_runtime": 8738, "_timestamp": 1640021797, "_step": 1999, "Mean evaluation return:": -100.0}