{"loss_fit": 0.005666980519890785, "score_mean": -60.98, "epsilon": 0.82135, "_runtime": 689, "_timestamp": 1640013748, "_step": 397}